,filename,artist,title,style,genre,date
119,101791.jpg,a1129d0ff671abcf3362417839191ec4,Calvary Triptych (left panel),Northern Renaissance,religious painting,1468
161,101237.jpg,072592d6fa48c2ef2d5d248c0478e890,Portraits of Willem Moreel and His Wife,Northern Renaissance,portrait,1482
199,16972.jpg,96ba4eca4b5b54553c44fcb73390e18b,"Anne of France, Lady of Beaujeu, Duchess of Bourbon, presented by St. John the Evangelist, right hand wing of a triptych",Northern Renaissance,religious painting,1492
211,12587.jpg,c3e9d9ebe5f2900190bef9342c440bd9,The Dresden Altarpiece (central panel),Northern Renaissance,religious painting,1496
165,1770.jpg,78b13bdd9a3201382c52e7efe67b7099,The Story of Nastagio degli Onesti,Early Renaissance,illustration,1483
127,100052.jpg,072592d6fa48c2ef2d5d248c0478e890,"The Last Judgment, triptych, right wing Casting the Damned into Hell",Northern Renaissance,religious painting,1470
79,102906.jpg,84b85ba889501c62da0f05a6cdaeaa7f,Stories of Christ's Passion,Early Renaissance,religious painting,1447
163,11000.jpg,ee1fc5cb64efc639c3c00ccf3af614c4,Pope Fabiano,Early Renaissance,religious painting,1483
177,13702.jpg,70612e44f5d877d771c1977b9c5589ad,Study,Early Renaissance,sketch and study,1486
49,15283.jpg,25ae5f1122be2bd3460525c418b9d492,Virgin Mary Annunciate,Early Renaissance,religious painting,1433
73,1513.jpg,599777e56cedc655aef921713d5becd1,The Adoration of the Magi,Northern Renaissance,religious painting,1444
230,10946.jpg,e655bc106f0f640870bc811cd29e6d8d,St. Anthony. St. Giles,Northern Renaissance,religious painting,1499
173,16786.jpg,70612e44f5d877d771c1977b9c5589ad,"The Trial by Fire, St. Francis before the Sultan of Egypt",Early Renaissance,religious painting,1485
113,103117.jpg,9d9ad9e2fbdcff68dadc266ccc6e4aed,Presentation of Christ in the temple,Early Renaissance,religious painting,1466
132,19758.jpg,2cf708ebd3f8e408e1e54ef194614d03,Madonna and Child with Saints ,Early Renaissance,religious painting,1472
219,13033.jpg,ee1fc5cb64efc639c3c00ccf3af614c4,"Madonna, an Angel and Little St. John Adoring the Child",High Renaissance,religious painting,1497
221,19833.jpg,ee1fc5cb64efc639c3c00ccf3af614c4,Sepulcrum Christi,High Renaissance,religious painting,1498
108,11667.jpg,7a5b41c727b25762d24cee788163a1d7,Martyrdom of St. Sebastian,Early Renaissance,religious painting,1465
32,15815.jpg,06f82951366bafca791e325cb6b214ac,Heavenly Host,International Gothic,illustration,1408
34,12149.jpg,06f82951366bafca791e325cb6b214ac,Diocrès Expounding the Scriptures,International Gothic,illustration,1408
193,15542.jpg,70612e44f5d877d771c1977b9c5589ad,Portrait of a Girl,Early Renaissance,portrait,1490
80,10645.jpg,3354b8820b6c7eaa725cececfeb85a6e,Coronation of the Virgin (detail),Early Renaissance,religious painting,1447
216,15112.jpg,ee1fc5cb64efc639c3c00ccf3af614c4,Pala di Fano (Assumption),High Renaissance,religious painting,1497
224,15887.jpg,c3e9d9ebe5f2900190bef9342c440bd9,Madonna and Child (Haller Madonna),Northern Renaissance,religious painting,1498
125,15560.jpg,0641cf433776d46e89adfe142bd22379,Madonna and Child (Madonna Benson) ,Early Renaissance,religious painting,1470
109,16457.jpg,3354b8820b6c7eaa725cececfeb85a6e,Madonna with the Child and two Angels,Early Renaissance,sketch and study,1465
116,100284.jpg,78b13bdd9a3201382c52e7efe67b7099,Madonna and Child,Early Renaissance,religious painting,1467
61,11982.jpg,e4f90e4cae5e75ee90d8852c013c0ff2,Study of a Head,Early Renaissance,sketch and study,1436
95,10088.jpg,9d9ad9e2fbdcff68dadc266ccc6e4aed,Two holy women in prayer,Early Renaissance,sketch and study,1455
100,11392.jpg,7a5b41c727b25762d24cee788163a1d7,Procession of the Magi,Early Renaissance,religious painting,1461
145,101672.jpg,deedbecf554a7c809e5e89c6c5b68125,The Flagellation of St Engracia,Gothic,religious painting,1477
151,17061.jpg,d8ed2d6f032da7c79eb05c5502005520,Saint Nicolas,Early Renaissance,religious painting,1480
133,12989.jpg,ee1fc5cb64efc639c3c00ccf3af614c4,The Miracles of San Bernardino. The Healing of the blind and deaf Riccardo Micuzio,Early Renaissance,religious painting,1473
46,12709.jpg,eb7aab875efeae0d20311261fc826ef0,Crucifixion,Early Renaissance,religious painting,1430
51,17971.jpg,e4f90e4cae5e75ee90d8852c013c0ff2,Study of Horse Heads,Early Renaissance,sketch and study,1433
137,11270.jpg,deedbecf554a7c809e5e89c6c5b68125,Christ at the Tomb Supported by Two Angels,Gothic,religious painting,1474
106,14622.jpg,7a5b41c727b25762d24cee788163a1d7,St. Augustine Reading Rhetoric and Philosophy at the School of Rome (detail),Early Renaissance,religious painting,1465
181,13586.jpg,072592d6fa48c2ef2d5d248c0478e890,St. Ursula Shrine: Figures,Northern Renaissance,religious painting,1489
183,13930.jpg,072592d6fa48c2ef2d5d248c0478e890,"The Virgin and Child with St. James and St. Dominic Presenting the Donors and their Family, known as the Virgin of Jacques Floreins",Northern Renaissance,religious painting,1490
29,17901.jpg,3d0eabaa03d5997194155a847a7a2e30,Prophet Daniel,Byzantine,religious painting,1400
206,13602.jpg,ee1fc5cb64efc639c3c00ccf3af614c4,Praying for a Cup,High Renaissance,religious painting,1495
166,15931.jpg,78b13bdd9a3201382c52e7efe67b7099,Portrait of a Young Man,Early Renaissance,portrait,1483
111,19871.jpg,7a5b41c727b25762d24cee788163a1d7,Arrival of St. Augustine in Milan,Early Renaissance,religious painting,1465
85,18643.jpg,84b85ba889501c62da0f05a6cdaeaa7f,Dante Alighieri,Early Renaissance,portrait,1450
200,102351.jpg,26f9b721302a00962439d50cc9b5faaf,The Pilgrims Meet Pope Cyriac before the Walls of Rome,High Renaissance,religious painting,1493
157,10610.jpg,9357ef569a10c52a2ca5d95823cb2f8e,Roman soldiers and Jewish judges (left wing from the Triptych of the Crucifixion),Northern Renaissance,religious painting,1481
107,14858.jpg,7a5b41c727b25762d24cee788163a1d7,The Parable of the Holy Trinity and the Visit to the Monks of Mount Pisano,Early Renaissance,religious painting,1465
154,10118.jpg,48fc8e17fb4d3cb68c2d0112491f60f1,Portrait of a Humanist,Early Renaissance,portrait,1480
77,11497.jpg,c825d3adbd3acc20ef010f8d0f0a04b9,Madonna,Northern Renaissance,religious painting,1445
197,15595.jpg,26f9b721302a00962439d50cc9b5faaf,Glorification of St. Ursula and her Companions,High Renaissance,religious painting,1491
269,18015.jpg,c38fea973e430fde20b174f588e853d4,The Crucifixion,High Renaissance,religious painting,1505
275,100782.jpg,69f6f4c214746e0b58ebc3038ba05d3a,The Forest Fire,High Renaissance,animal painting,1505
308,15807.jpg,85e60fb5d2a65debda52dc3e32f76789,Sistine Chapel Ceiling: Cumaean Sibyl,High Renaissance,mythological painting,1510
488,19538.jpg,a2f9c82cad0bc8213ce6af4c6d8485fe,Portrait of a gentleman,Mannerism (Late Renaissance),portrait,1552
396,102312.jpg,a2f9c82cad0bc8213ce6af4c6d8485fe,St. Mark,Mannerism (Late Renaissance),religious painting,1525
315,12090.jpg,7e7b4392f5776bb7c65a603155727f59,St. Jerome,Northern Renaissance,religious painting,1511
371,19924.jpg,9357ef569a10c52a2ca5d95823cb2f8e,Madonna with the Milk Soup,Northern Renaissance,religious painting,1520
373,14973.jpg,ef48d7b66a5aa46adac225da61c304e2,St. Jerome in Rocky Landscape,Northern Renaissance,landscape,1520
550,101930.jpg,d0ac9bd7e988f6c0e0a6f5fa94ef2850,The Purification of the Temple,Mannerism (Late Renaissance),,1580
375,18328.jpg,ef48d7b66a5aa46adac225da61c304e2,Landscape with the destruction of Sodom and Gomorrah,Northern Renaissance,landscape,1520
323,10318.jpg,ad8cc0e8386fb460ac34a62244dffc26,Episode from the life in the hospital,Mannerism (Late Renaissance),genre painting,1514
490,18600.jpg,a7b6670e2d23f415998849a8fdedae18,St Jerome and St Andrew,Mannerism (Late Renaissance),religious painting,1552
510,10011.jpg,ede635e53e1b4a905bbea74de30371cf,Madonna and Child with Mary Magdalene,Mannerism (Late Renaissance),religious painting,1560
321,101995.jpg,1b75de7e18ba6fa547a7aed27b4fb355,"Portrait of a Bearded Man, possibly a Self Portrait",High Renaissance,self-portrait,1513
358,11605.jpg,dbde47600bea8b19be79a59a43dd88a8,The Rest on the Flight to Egypt with Saint Francis,High Renaissance,religious painting,1517
433,102768.jpg,bb1636df1fa63b028b1ee8fe60f2da9e,Saint Nicholas of Tolentino Reviving a Child,Mannerism (Late Renaissance),religious painting,1530
546,103054.jpg,dd64f4b87e7e6a5549ffb72f7bca746c,"St. Catherine, from the episode ""Holy Women""",Baroque,religious painting,1578
454,14721.jpg,b3f06d944fdf7d1bb8d855eaa6b85496,Design for a Pendant,Northern Renaissance,design,1535
340,12133.jpg,9f0984ce62483f294fc666d74e0974f6,Wings of a Triptych,Northern Renaissance,portrait,1515
420,103143.jpg,2a45bacf1ca9500ee789d3be7c79d4b2,Madonna with Saint Zacharias,Mannerism (Late Renaissance),religious painting,1530
355,102209.jpg,b3f06d944fdf7d1bb8d855eaa6b85496,Adam and Eve,Northern Renaissance,religious painting,1517
291,101076.jpg,57a4723720fe446196e259123f11f8b1,Heller Altarpiece (detail),Northern Renaissance,portrait,1509
543,18536.jpg,ede635e53e1b4a905bbea74de30371cf,Pieta,Mannerism (Late Renaissance),religious painting,1576
477,15623.jpg,d0ac9bd7e988f6c0e0a6f5fa94ef2850,The Miraculous Draught of Fishes,Mannerism (Late Renaissance),religious painting,1545
395,15291.jpg,e09e56c7cb603d8c933bc237aaf4bdcb,Sibyl,High Renaissance,mythological painting,1525
504,12192.jpg,b15d8d493527dccb0b3e02b1ef65258d,Children's Games,Northern Renaissance,genre painting,1560
465,15187.jpg,a2f9c82cad0bc8213ce6af4c6d8485fe,Altarpiece,Mannerism (Late Renaissance),religious painting,1540
445,15436.jpg,a087f33967e659c63924aa07c89b948f,Lucretia,Northern Renaissance,portrait,1533
470,102350.jpg,ede635e53e1b4a905bbea74de30371cf,Christ Crowned with Thorns,Mannerism (Late Renaissance),religious painting,1542
575,14493.jpg,b2a43738fde0a20062a0900417351a9f,Poet Ercilla y Zuniga by El Greco,Mannerism (Late Renaissance),portrait,1595
273,12510.jpg,78b13bdd9a3201382c52e7efe67b7099,Baptism of St Zenobius and His Appointment as Bishop,Early Renaissance,religious painting,1505
529,11869.jpg,71c4b71a3e90c57f17337b31d44c1eac,Self Portrait,Mannerism (Late Renaissance),portrait,1568
467,17438.jpg,85e60fb5d2a65debda52dc3e32f76789,Portrait of Vittoria Colonna,High Renaissance,sketch and study,1540
421,19262.jpg,85e60fb5d2a65debda52dc3e32f76789,Archers shooting at a herm,High Renaissance,genre painting,1530
486,101793.jpg,a2f9c82cad0bc8213ce6af4c6d8485fe,Portrait of Francesco I de' Medici ,Mannerism (Late Renaissance),portrait,1551
501,19962.jpg,ede635e53e1b4a905bbea74de30371cf,Girl with a Basket of Fruits (Lavinia),Mannerism (Late Renaissance),portrait,1558
461,100033.jpg,a087f33967e659c63924aa07c89b948f,Fall of Man,Northern Renaissance,religious painting,1537
402,100232.jpg,a087f33967e659c63924aa07c89b948f,David and Bathsheba,Northern Renaissance,religious painting,1526
256,1087.jpg,accb302082074fa3b73308a2e42f1fd4,Portrait of a young man in red garment,High Renaissance,portrait,1503
515,17908.jpg,e8eae9a2f53456f01d601ae153f76a2d,End wall of the Stanza del Cane,Mannerism (Late Renaissance),religious painting,1561
328,15357.jpg,02b866899dc71a00364337e830d075d7,Ceiling,High Renaissance,quadratura,1514
582,18885.jpg,2d1d5059ec661daaa7b0e921e708c7b8,Narcissus,Baroque,portrait,1599
536,101779.jpg,71c4b71a3e90c57f17337b31d44c1eac,The Garden of Gethsemane,Mannerism (Late Renaissance),religious painting,1570
286,13401.jpg,26f9b721302a00962439d50cc9b5faaf,St. George Killing the Dragon,High Renaissance,religious painting,1507
446,19919.jpg,b3f06d944fdf7d1bb8d855eaa6b85496,The Ambassadors,Northern Renaissance,portrait,1533
388,102678.jpg,57a4723720fe446196e259123f11f8b1,The Crucifixion,Northern Renaissance,religious painting,1524
258,18807.jpg,c3e9d9ebe5f2900190bef9342c440bd9,Drummers and pipers,Northern Renaissance,genre painting,1504
439,1932.jpg,71c4b71a3e90c57f17337b31d44c1eac,Entombment,Mannerism (Late Renaissance),religious painting,1532
313,13826.jpg,ede635e53e1b4a905bbea74de30371cf,The Vicious Husband,High Renaissance,genre painting,1511
562,13239.jpg,f258cbc24958b6fd973e711ca4f19354,Saint Catherine of Alexandria (presumed self-portrait),Mannerism (Late Renaissance),self-portrait,1589
881,12590.jpg,397c63db1c7b507d23abff3f8bb0fa18,Self-portrait,Baroque,self-portrait,1669
768,1535.jpg,2de183deab2a0772fd2b478f56d7c3e1,Woman Pouring Water into a Jar,Baroque,genre painting,1640
912,16783.jpg,c2b95f8d08729893ae8ef8f5e88e12bc,Portrait of Maria Anna of Neuburg,Baroque,portrait,1694
784,101428.jpg,dd4a0a26ac3e5f05c4287604bb34694c,Le crucifiement de Saint Pierre,Baroque,religious painting,1643
906,13154.jpg,c2b95f8d08729893ae8ef8f5e88e12bc,Decorative Ceiling (Palazzo Medici Riccardi) ,Baroque,allegorical painting,1686
688,17373.jpg,93c69b3a9a93f0050802101d0a8605b6,The Immaculate,Baroque,religious painting,1630
732,13050.jpg,397c63db1c7b507d23abff3f8bb0fa18,The Stoning Of St. Stephen,Baroque,religious painting,1635
683,12923.jpg,99cb087e8ace2daa73c268d8aa80f02b,Portrait of Maria Lugia de Tassis,Baroque,portrait,1629
745,15491.jpg,dc589f213ba7bd398714ac2796b7c0ab,Fall of Phaeton,Baroque,mythological painting,1636
803,11001.jpg,397c63db1c7b507d23abff3f8bb0fa18,Nude man seated before a curtain,Baroque,nude painting (nu),1646
798,100249.jpg,452561351a1599b602e7aded3afeff6a,Portrait of a Standing Man,Baroque,portrait,1645
778,10216.jpg,397c63db1c7b507d23abff3f8bb0fa18,Student at a table by candlelight,Baroque,genre painting,1642
855,15018.jpg,549f47b9a8d2d45ff0b3863c8e6281fd,Harpsichord Lesson,Baroque,genre painting,1660
742,12001.jpg,5d39b5c98c474831fe297910313c1a36,The Smokers,Baroque,genre painting,1636
868,14449.jpg,2de183deab2a0772fd2b478f56d7c3e1,Weighing Gold,Baroque,genre painting,1664
816,16909.jpg,397c63db1c7b507d23abff3f8bb0fa18,Landscape with a Canal and Large Boat,Baroque,landscape,1650
819,14195.jpg,96ea00928e83b362a190d624a3c357ca,The Dice Players,Tenebrism,genre painting,1651
793,12303.jpg,397c63db1c7b507d23abff3f8bb0fa18,Bridge,Baroque,landscape,1645
807,10525.jpg,397c63db1c7b507d23abff3f8bb0fa18,Ephraim Bonus (The Jew with the Banister),Baroque,portrait,1647
584,13509.jpg,df97efdcbefba87d3aad1aaa3f413ceb,Portrait of Giovanni Gabrieli with the lute,Baroque,portrait,1600
765,102197.jpg,4209a8a27848056b88e2a15223a54fa3,"Still Life with Crab, Shrimps and Lobster",Baroque,still life,1640
890,100025.jpg,6b370366b735de386b7a0a3f3192bb70,Trompe l'oeil. A Cabinet in the Artist's Studio,Baroque,still life,1671
882,101585.jpg,bc05d13501bcf1fbca160ee8c3dec5cc,Trees,Baroque,landscape,1669
843,19660.jpg,b99bdc5799aed36e6ce0c2dad3a6052d,Time Reveals the Truth,Baroque,allegorical painting,1657
760,11813.jpg,f46cda5e090ba0435bee28286a2d747c,Sarah Leading Hagar to Abraham,Tenebrism,religious painting,1639
873,18080.jpg,397c63db1c7b507d23abff3f8bb0fa18,Self-portrait,Baroque,self-portrait,1665
904,18081.jpg,c2b95f8d08729893ae8ef8f5e88e12bc,The Parable of the Prodigal Son. The Penitent Swineherd,Baroque,allegorical painting,1685
813,16543.jpg,b6095eab35b7f0abfbe5687ed8329293,Portrait of Cardinal Camillo Astali Pamphili,Baroque,portrait,1650
703,17179.jpg,99cb087e8ace2daa73c268d8aa80f02b,The Rest on the Flight to Egypt,Baroque,religious painting,1630
662,11177.jpg,3524ecd495d905ffbe4f424717d747a1,Apollo and Daphne,Classicism,mythological painting,1625
677,18269.jpg,b6095eab35b7f0abfbe5687ed8329293,Triumph of Bacchus,Baroque,mythological painting,1628
595,13311.jpg,2d1d5059ec661daaa7b0e921e708c7b8,Burial of Saint Lucy,Baroque,religious painting,1608
874,18789.jpg,0c7eaecdec27857c7a62125561cd32d0,Mass of St John of Mathaa,Baroque,religious painting,1666
698,100642.jpg,75b01d49b558b091529d9455bc5acf39,Cook With Food,Baroque,genre painting,1630
799,17726.jpg,397c63db1c7b507d23abff3f8bb0fa18,Joseph's Dream in the Stable in Bethlehem,Baroque,religious painting,1645
896,13691.jpg,c2b95f8d08729893ae8ef8f5e88e12bc,The Defeat of Sisera ,Baroque,religious painting,1680
826,102534.jpg,7aed4909f6766c98947acdab620b6db5,Kermess,Baroque,genre painting,1652
733,12107.jpg,3f93b217bd0dbf874f973958f1eb6df4,Inn Scene,Baroque,genre painting,1635
602,100792.jpg,c8357444772cc3e29272b9786dc2fe7a,Still Life with Artichokes,Baroque,still life,1610
892,12662.jpg,c2b95f8d08729893ae8ef8f5e88e12bc,The Holy Family ,Baroque,religious painting,1675
621,19971.jpg,dc589f213ba7bd398714ac2796b7c0ab,Achilles and the Daughters of Lykomedes,Baroque,mythological painting,1617
802,10.jpg,8f59e3f70611b198f0536f60187cb64b,The Supper at Emmaus,Baroque,religious painting,1645
674,1464.jpg,452561351a1599b602e7aded3afeff6a,Banquet of the Officers of the St. George Civic Guard Company (detail),Baroque,portrait,1627
727,11163.jpg,8f59e3f70611b198f0536f60187cb64b,Portrait of Johan Wierts,Baroque,portrait,1635
824,11160.jpg,452561351a1599b602e7aded3afeff6a,Isabella Coymans,Baroque,portrait,1652
883,17874.jpg,05a3d2b6995d83ffd6fde79e29139238,Nativity of Jesus,Baroque,religious painting,1669
788,11174.jpg,776378f8b5806159933438cf094c5435,Birth of the Virgin,Baroque,religious painting,1645
656,12240.jpg,dc589f213ba7bd398714ac2796b7c0ab,"The Landing at Marseilles, 3rd November 1600",Baroque,history painting,1625
629,12005.jpg,6e995a98857a349071182cf6c713e35f,Party in the Garden,Baroque,genre painting,1619
644,19091.jpg,93c69b3a9a93f0050802101d0a8605b6,St. Sebastian Tended by the Holy Women,Tenebrism,religious painting,1621
967,15848.jpg,86a9f9dbebdb2495b291954abe9ce9aa,The tea drinker,Rococo,genre painting,1735
1032,10726.jpg,96e7b1bc8d52e18caf0af34fec2e9bcb,"The Roman antiquities, t. 1, Plate VIII. Aurelian Walls.",Neoclassicism,cityscape,1756
1206,17390.jpg,e60882af79cababb03ddfa980a75448c,Picador Caught by the Bull,Romanticism,genre painting,1793
995,1606.jpg,f72f31224ccfa5ec42755d755eb374a5,Apollo and Daphne,Rococo,mythological painting,1744
1171,11500.jpg,e60882af79cababb03ddfa980a75448c,Sketch for The Death of Saint Joseph,Romanticism,religious painting,1787
1191,19503.jpg,aa19b797266317f1eee59b9e11cc6b3b,The four virtues,Ukiyo-e,genre painting,1790
1187,101230.jpg,88150a522b91fd047fc63600fe75ac26,William Augustus Bowles ,Baroque,portrait,1790
1072,10641.jpg,6ba893bd5db86c7036eaec7570fd4451,Portrait of Count G.G.Orlov,Rococo,portrait,1763
982,100901.jpg,86a9f9dbebdb2495b291954abe9ce9aa,Girl with Racket and Shuttlecock,Rococo,genre painting,1740
1182,101239.jpg,e2d6525093a98f104dc294a21c8b2274,Earl's portrait of Elijah Boardman,Rococo,portrait,1789
974,103037.jpg,4efe284a888c4bd2e3f030be256251ee,Entrance to the Grand Canal: from the West End of the Molo,Baroque,veduta,1737
918,16337.jpg,a4492e7c5e98a8cce572867eda5c480f,"Aurora, Roman Goddess of the Dawn, Bids Goodbye to Her Lover Tithonus. Aurora is about to Illuminate the Darkness of Night",Baroque,mythological painting,1704
989,1786.jpg,907642811d82d1a8bd61417b5683e48d,The Concert,Rococo,genre painting,1741
999,101613.jpg,450fc8bc8b9924db9bd48172f6498d3b,Visit with the Quack Doctor,Rococo,genre painting,1745
938,13328.jpg,baa74b3d60b342e4c42f6261e886a715,The Shepherds,Rococo,pastorale,1717
1130,18257.jpg,d431279c01a51fe5d9b1376a2b733485,Portrait of Alexei Orlov,Rococo,portrait,1779
1193,102665.jpg,e45d15fb0b64d7230ef48365fc992ced,Valentin Platonovich Musin Pushkin,Rococo,portrait,1790
1086,102563.jpg,5f5b31e07a9f529fab95992e6ef63c47,Know Thy Self,Neoclassicism,allegorical painting,1768
924,14150.jpg,e5ff34fd17269062c990b15bc47c280a,Flowery branch,Ink and wash painting,flower painting,1707
1183,15413.jpg,bb69c7f93d60a05dca5ce66222f52e98,William Linley  ,Romanticism,,1789
1020,18135.jpg,f72f31224ccfa5ec42755d755eb374a5,Europa,Rococo,mythological painting,1753
1001,14470.jpg,50900e56a7480824436d7ad7f83fcc2b,"Clotworthy Skeffington, Later 1st Earl of Massereene",Rococo,portrait,1746
1104,10902.jpg,4ba48c65db9c25bb7cac995431a495c5,John Hancock ,Rococo,portrait,1774
1190,16583.jpg,db127035f4b1efe75117e0f6fec55354,Portrait of a lady,Romanticism,portrait,1790
1170,100692.jpg,2f68ecc70bbc7f82c679905e1ed3c467,Mrs. John O'Donnell (Sarah Chew Elliott) ,Rococo,portrait,1787
917,15513.jpg,c8674132ed594f31e9312b6a26629cb2,Mynah Bird on an Old Tree,Ink and wash painting,animal painting,1703
1006,100784.jpg,f806ea51bb0936ea93eab15daecd6683,The Lottery at Palazzo Montecitorio,Baroque,veduta,1747
1102,15477.jpg,50900e56a7480824436d7ad7f83fcc2b,Self-Portrait,Baroque,self-portrait,1773
1111,19276.jpg,5f5b31e07a9f529fab95992e6ef63c47,Portrait Of Raphael West And Benjamin West Jr.,Rococo,portrait,1775
988,1884.jpg,9aedafc30e2a675b8d761b0b313e2376,Head of a Woman from Behind  ,Rococo,portrait,1740
980,10930.jpg,d2deddf1799393c1247b4ef5967fc11d,Portrait of Agnes Murray Kynnynmond,Rococo,portrait,1739
950,11833.jpg,86a9f9dbebdb2495b291954abe9ce9aa,A Game of Billiards,Rococo,genre painting,1725
1167,18724.jpg,b59f3b556ce036d42a93dea4c3f1ba48,Study for The Siege of Gibraltar,Neoclassicism,sketch and study,1786
1175,18495.jpg,db127035f4b1efe75117e0f6fec55354,"Portrait of Harriet, Viscountess Duncannon with Her Sons",Romanticism,portrait,1787
1207,1478.jpg,aa19b797266317f1eee59b9e11cc6b3b,Three Beauties of the Present Day,Ukiyo-e,portrait,1793
1014,101150.jpg,450fc8bc8b9924db9bd48172f6498d3b,Gin Lane,Rococo,genre painting,1751
1082,12360.jpg,50900e56a7480824436d7ad7f83fcc2b,Lady Charles Spencer,Rococo,portrait,1766
1148,102758.jpg,f13d6d62e04fa64add6b68c875803d89,Architectural Landscape with a Canal,Rococo,capriccio,1783
921,16698.jpg,c86e2cbf112eac5eadfa464e65d676bf,"Metamorphosis insectorum Surinamensium (Metamorphosis of the Insects of Suriname), figure 46",Naturalism,animal painting,1705
940,16251.jpg,f72f31224ccfa5ec42755d755eb374a5,Nude study in an academy,Rococo,sketch and study,1720
1073,19204.jpg,69f42fe50ebe0a46b3428b6ca22c1453,"John Spencer, 1st Earl Spencer",Rococo,portrait,1763
939,15124.jpg,f5802c2e497d9d3f3236ab6748ef7e1f,Portrait of Tsar Peter I,Rococo,portrait,1717
1096,1705.jpg,bfba1a98d6b605f1a435f331b435ac69,"Reverend Charles Wesley (1707–1788), MA",Rococo,portrait,1771
1068,100392.jpg,ac866f3fdf0e03a53b5c29f97ab1ac8c,The Broken Mirror,Rococo,genre painting,1763
1103,14778.jpg,b59f3b556ce036d42a93dea4c3f1ba48, Mrs. John Winthrop (Hannah Fayerweather),Neoclassicism,portrait,1773
1210,15606.jpg,dd1e99aa9c15008b8656242701a30801,Homer Reciting his Verses to the Greeks,Neoclassicism,mythological painting,1794
1173,11558.jpg,b31c8ec49c09506f17ec3c0c04fce567,"Charles Jenkinson (1727–1808), 1st Lord Hawkesbury (1780), afterwards Created 1st Earl of Liverpool (1796) ",Rococo,portrait,1787
1011,11592.jpg,612edcdb31a0860c982b1833fc1e6d17,The Old Market Square in Dresden,Rococo,cityscape,1750
1215,11900.jpg,8d100ac8bbcb7f9151cc06b17cfe746a,Matthew Clarkson ,Rococo,portrait,1794
976,13228.jpg,612edcdb31a0860c982b1833fc1e6d17,View of the Grand Canal at San Stae,Rococo,cityscape,1738
1607,1955.jpg,605d22132f5e157ce5bc7bf91d6f8a1a,The Comtesse of Valmont,Realism,portrait,1841
2066,18390.jpg,76cd369cddf78f33b853fa53077ac113,Sorrento,Romanticism,landscape,1869
1612,101223.jpg,059d590e174c545474f0fedcc126ce4c,Falls of Schaffhausen ,Romanticism,landscape,1842
3655,12911.jpg,b5ed934db592c7dbcb69942e74bd245d,Shakuntala ,Academicism,mythological painting,1898
3585,101886.jpg,88c7fbeac9e9ae6930e3aaef8055b731,Kouka,Ukiyo-e,bijinga,1897
2469,101178.jpg,54e7b38b5c91716bd3ad99a0ab740a18,By the Thames at Richmond,Realism,genre painting,1879
2007,1237.jpg,76561d2b7226d9e2e962a8a01e95436f,The Evening Hunter,Romanticism,landscape,1867
3436,11584.jpg,3edc6a404b8c67b7dad1405d52228c96,The Harvest,Divisionism,genre painting,1895
1867,13170.jpg,13fb1d497e1759ed5311c5222fb02685,Carnival in Rome,Romanticism,genre painting,1860
3188,19829.jpg,c8041306a183cbaf39ff8cd707c9cc7f,Fra Lofoten,,landscape,1891
2551,19191.jpg,16548363e96f1c64ca498fd00352df9a,Beata Beatrix,Romanticism,literary painting,1880
2809,16244.jpg,6f80666437feea42f295cdc0f1eb4df9,Beach Scene,Impressionism,genre painting,1885
3568,103004.jpg,479807bac5f3f944e7209e5d99e0dc48,July Afternoon,Impressionism,landscape,1897
3091,100702.jpg,01817fee724e0c55ff3013b9d5da3e1c,Breton women scutching flax: Labour,Cloisonnism,genre painting,1889
2314,17250.jpg,e22b8239a9abc7940231ea66b969c6b9,Himalayas. The main peak,Realism,landscape,1875
2562,11312.jpg,129349585c3d1f312535b6619fc36bf7,Children playing in the Workshop,Realism,genre painting,1880
3671,101727.jpg,8aebe44d4fbb5ca859ddfe6260403e4a,Austria,Art Nouveau (Modern),allegorical painting,1899
3594,13442.jpg,234c8d1df0b49b512791078cf00cf352,"The English Coast, Penarth",Impressionism,landscape,1897
2554,10997.jpg,aceaa52f487dd19129857232b2eeb3d5,Zinnias in a Vase,Realism,flower painting,1880
1359,100843.jpg,358474690052f63f9107c823b7a61686,Portrait-caricature of Giacomo Quarenghi,Romanticism,caricature,1814
2575,15970.jpg,147b0f64f4c2848bc0ad7bc1cdf74afe,The River Vorya at Abramtsevo,Impressionism,landscape,1880
2014,17484.jpg,16548363e96f1c64ca498fd00352df9a,Venus Verticordia,Romanticism,mythological painting,1868
3302,1659.jpg,50591a7061fb340d875723f38e00cc3b,Figures in Sunlight,Impressionism,genre painting,1893
3456,14684.jpg,51b72626792ce4fabab05000bac62e7d,The Truth at the bottom of a Well,Romanticism,allegorical painting,1895
3579,103248.jpg,9517cab1f0dee5013c558c52b07b04ff,Auf Leben und Tod (Edelhirsche in der Brunft),Naturalism,animal painting,1897
1632,13109.jpg,5c7b4a8cc494e77dae9af6637e0d3ba7,Horace and Lydia,Academicism,literary painting,1843
3334,11933.jpg,baa3e6fec49e7eba24e23a8685c22955,My mother,Art Nouveau (Modern),portrait,1893
3179,13301.jpg,1a8d67dbb446bdc4298cc0be56932a38,"Grainstacks, White Frost Effect",Impressionism,landscape,1891
2627,13917.jpg,c016fd5caf84a9f835936074e83f7632,Dance Amongst Daggers,Academicism,genre painting,1881
2799,18415.jpg,8265ed16345a1f196ffcfd7cffe5158e,Vicinity of Kiev. Over the Dnieper.,Realism,landscape,1884
2489,100900.jpg,7e4dc558dfaf1fde7eb908e370393d00,Portrait of a Schoolboy,Impressionism,portrait,1879
2678,16057.jpg,9b97b479032a80f1d0b12175e1360a22,Caught in the Ice,Romanticism,marina,1882
1789,17624.jpg,d41c502f1b4faa29dcc0214c4e3dc33d,"Anna Dollfus, Baronness de Bourgoing",Neo-Rococo,portrait,1855
2227,100125.jpg,234c8d1df0b49b512791078cf00cf352,Seine at Bougival,Impressionism,landscape,1873
1379,12831.jpg,facb8013e0ad77b41ecbdf661f440c03,Mameluke defending wounded trumpete ,Romanticism,battle painting,1818
1615,1935.jpg,1c5808517b3b9560b277eaae7adfabfc,Portrait of D. P. Voyeikov with His Daughter and the Governess Miss Sorock,Romanticism,portrait,1842
2075,101931.jpg,129349585c3d1f312535b6619fc36bf7,Young Italian with Sour Oranges,Romanticism,portrait,1870
3017,10182.jpg,e22b8239a9abc7940231ea66b969c6b9,Interior of the Church of St. John the Evangelist on the Ishna near Rostov Yaroslavsky,Realism,interior,1888
2944,18228.jpg,31dbc08b8d0a3196c5484c0c068b2bcc,The Park ,Impressionism,genre painting,1887
3598,14069.jpg,234c8d1df0b49b512791078cf00cf352,Geese,Post-Impressionism,animal painting,1897
2417,16846.jpg,a6027a4ba71b61a55ea598379c9d508c,Singer with a glove,Impressionism,portrait,1878
3081,1165.jpg,342d7068656b00878b23e1031a3ddf50,Portrait of Nadezhda Derviz with Her Child,Impressionism,portrait,1889
2958,13321.jpg,6f80666437feea42f295cdc0f1eb4df9,"Trouville, the Port at Low Tide",Impressionism,marina,1887
3445,100599.jpg,512fb34e01bd21a92e7ec1380577c985,Springtime. The Last Snow.,Realism,landscape,1895
3143,18940.jpg,ede1514454e88b491065d3d9ec6e7197,Mountains,Impressionism,landscape,1890
1515,19719.jpg,57bbc1b439f3913ea7f467ac5ccaac31,Peaceable Kingdom ,Naïve Art (Primitivism),religious painting,1832
2351,19520.jpg,8a1a67964c0cbea29fc9801b5c42c553,Forest River. Siverskaya,Realism,sketch and study,1876
2795,15230.jpg,7a91e9cd90caf6f6feef463e40b84513,Girl Fishing,Realism,genre painting,1884
3097,17426.jpg,3cc9a44380296d93e68b71a27643c25f,Mountains in Provence,Post-Impressionism,landscape,1890
3122,1814.jpg,d8a3c897c506be7de91d8f892f14f934,Au Bois de Boulogne,Art Nouveau (Modern),illustration,1890
3968,14334.jpg,43ca4d3d90730bed8a652aaa68eb9e10,"Jardín de las Elegías, Son Moragues",Post-Impressionism,landscape,1903
6697,13186.jpg,38957aef2daa53ed07c91e4e94db41ec,Powidok słońca,Art Informel,abstract,1949
6530,13143.jpg,3937af6d364e2f24d1cce16fe3916536,Favorable omens,Surrealism,symbolic painting,1944
7927,162.jpg,fed589fddf19274989ba078ca0c1c125,Marbles XI,Photorealism,still life,1984
6462,17667.jpg,95170250b9a5101b11db6d60acfc9f86,Kokopelli with Snow,Precisionism,still life,1942
4168,11792.jpg,4b0465826ffd6db797ea6f3a5898df79,Rock Cliffs by the Sea in Britain,Post-Impressionism,landscape,1906
5232,13068.jpg,d8a3c897c506be7de91d8f892f14f934,L'Aisne Devastee ,,,1918
7241,10829.jpg,19e08b713138f86ffd2c42866f14cddd,Funerary Composition I,Expressionism,genre painting,1962
7953,14881.jpg,db85b84c1c01fa143b9294f00f7acbeb,Untitled,Color Field Painting,abstract,1985
6513,12156.jpg,8f917f19a28b7510774110e50c95de56,"A PORTRAIT OF A CAPE COLOURED SCHOOL TEACHER, OMAR ",Expressionism,portrait,1943
6806,18201.jpg,1d3da72424d2efdb9a44d7fe9b3d955f,La poissonnerie,Miserablism,genre painting,1951
4859,100209.jpg,4a30943bf6dd5da55d12ccd14aaff0d8,The door of Bulagaio,Magic Realism,landscape,1913
3801,13123.jpg,6941b13e29b1abf0da02c3c64940ef08,Profile,Impressionism,portrait,1900
6654,102147.jpg,5c147c5e335fa44f75dcbf7ac11a4f97,Chrysanthemum and loquat ,Ink and wash painting,flower painting,1948
4106,14234.jpg,63d07e05a423fa94e6a21aa7931b395f,Droomlandschap,Symbolism,landscape,1905
4331,1567.jpg,d105584f25708b3f695175a6b3871fe1,Panel 2. Zephyr Transporting Psyche to the Island of Delight,Symbolism,mythological painting,1908
4561,17278.jpg,769fd20b5a94abceedf78a99a71c1134,Costume design for The Firebird,Art Nouveau (Modern),design,1910
7668,19026.jpg,5a98f9e90e9ee706df88fcedab15677e,"Sing, Sing, Sing",Color Field Painting,abstract,1974
4789,1151.jpg,c7410238d399d9f454123e59b059fdd2,Grapes,Synthetic Cubism,still life,1913
4012,101081.jpg,3cc9a44380296d93e68b71a27643c25f,Bathers ,Cubism,genre painting,1904
7351,19977.jpg,de2b86e2c10497d54b651f0ea2549e7f,Untitled,Art Informel,abstract,1965
5850,13998.jpg,20ad4b8323d892d215b6b11c7476ef78,Santissima Trinita,,,1928
5860,12296.jpg,8cdd41002b7b5c5d112865054a7fe13e,Mask Dance,Expressionism,genre painting,1929
7773,1566.jpg,84640d322395ab21273a7d1141c47888,"Umea, Sweden",Abstract Expressionism,abstract,1979
6763,102000.jpg,ff5bb5557d34e6917582a0cff39a3cba,Horse,Ink and wash painting,animal painting,1950
7626,10306.jpg,d58454fbcc119df2732d539e597a450c,"Duration Piece # 77, Brussels",Conceptual Art,figurative,1973
7233,10612.jpg,485d901dc4df30b128bf01cb6e229767,Siamese Buddha,Sōsaku hanga,religious painting,1962
6924,10175.jpg,f6d10193caa656ffc151450ded186d93,Figure with Eyes Closed,Sōsaku hanga,portrait,1955
7676,102839.jpg,fe9ac11c0a84db1a5c60adb65af405e8,Serigrafia,Op Art,abstract,1975
8121,102027.jpg,f5cf1334fc77a4c794a582dc66c34cf9,Wink,Color Field Painting,abstract,1996
4185,100060.jpg,0eeac4ecff259dc515be795e1a76019a,Province (Kostroma),Art Nouveau (Modern),genre painting,1906
4528,13317.jpg,db1318d32df7428076e03513ebf762bb,Vase of Flowers,Realism,flower painting,1910
6137,16321.jpg,3f8dc381ccfe9d5cc88b75970262715b,Illustration for book by V. Totovents 'Life on the old Roman road',Expressionism,illustration,1934
4858,11713.jpg,ca78f8137ecbaf034d32c19a8f988310,Two Dancers,Expressionism,symbolic painting,1913
7622,14790.jpg,43dace6fcbe36bed2b70355cd37b01bd,Untitled,Art Informel,abstract,1973
4411,17600.jpg,be80d7a4e112407465a49e215d44a61e,Paradise,Symbolism,symbolic painting,1909
5444,17669.jpg,1468ab18764365ded902fc726aec2c89,Perfume,Expressionism,allegorical painting,1921
6438,11283.jpg,5a98f9e90e9ee706df88fcedab15677e,La Maison de Madame Lucien Robitaille ,Social Realism,landscape,1941
7010,102900.jpg,c2c4a3969452c74d1f4fb9e9d3d5b366,A coachman and a nurse.Costume design,Art Nouveau (Modern),design,1957
5510,14623.jpg,8fc27c0692da2bccf57cdea68129db00,Bridge with griffins,Art Nouveau (Modern),cityscape,1922
6435,11566.jpg,62b4406512c45730d2c7c40f5e3d0d12,Napoleon in the Wilderness,Surrealism,symbolic painting,1941
4392,14729.jpg,24aa3b8d132a64607956435cbcb4abfd,Porträt Frau Cuhrt ,Post-Impressionism,portrait,1908
3755,11265.jpg,062244b785e58518f2f189329633c59e,Crane,Art Nouveau (Modern),illustration,1900
5813,17827.jpg,0d7b9ca487e6b4665f70ba1b77604fd2,Surrealist Composition,Surrealism,abstract,1928
5777,18601.jpg,c5789fb341de0b47c7bf5ac0817fe0d9,Portrait,Expressionism,portrait,1927
3815,19902.jpg,aefb0cff142e18c62467d35f2bc0eb4f,Study of Clouds,Symbolism,cloudscape,1900
7153,101513.jpg,d7b7249d6638477b3073df86f60a43a0,The Library,Social Realism,genre painting,1960
4206,19611.jpg,795985c5c0e7c704a354a487bdffeef5,Santa Marguerite,Post-Impressionism,landscape,1906
6117,15276.jpg,62b4406512c45730d2c7c40f5e3d0d12,"Illustration to ""A Week of Kindness""",Surrealism,illustration,1934
5538,16671.jpg,f5cd5910c4ad9657ed58a3c86481969c,Two Peasant Women,Post-Impressionism,genre painting,1923
8219,101105.jpg,eff6f5efcf5e9755d0a3afbc25acc1bc,Mother of Fraternity,Primitivism,symbolic painting,2010
8161,12918.jpg,f6c6a373599e3f2278c218d70a75168c,Marc per,Art Informel,abstract,2000
8169,17604.jpg,b844978933b7ae43e32ce775494821eb,Untitled,Surrealism,symbolic painting,2001
8175,15085.jpg,5ae394770a82dac7cea5d95ef6482a11,Grandmother and Cat ,Abstract Expressionism,symbolic painting,2002
8177,11178.jpg,6699dc3bdc97a9dfdbdfd608d09ce7ae,14-10-2002,Lyrical Abstraction,abstract,2002
8221,100970.jpg,24992a1ddca2a38675f62a88ff93f8a6,Big Bite,Pop Art,figurative,2010
8218,12533.jpg,458431fe04f1f956c7e4fba23563c694,Mistral de partout,Lyrical Abstraction,abstract,2010
8226,14541.jpg,f728aafab36400a26539fd7bda35c334,Untitled (NYC),Abstract Expressionism,abstract,2011
8217,10615.jpg,3007fcba96d9941a481321b6367721a1,Yesterday’s Clouds,,cloudscape,2010
8188,12253.jpg,72e4cf6742c06e89acfef9af033af54f,Flores e Frutas,Naïve Art (Primitivism),still life,2003
8220,13130.jpg,24992a1ddca2a38675f62a88ff93f8a6,Splashed,Pop Art,figurative,2010
8201,102722.jpg,4a2c72301bd31803c9827b7baf86c706,Still life with bottle and shells,Naïve Art (Primitivism),still life,2006
8154,10701.jpg,dc1660b026c50e483aa01614aade646d,Couleur electrique lumière,Op Art,abstract,2000
8168,11145.jpg,1cdfd8192834e61b3543e3ce839950eb,Lotus under the sun,Ink and wash painting,flower painting,2001
8205,13460.jpg,af81d1a9ef7c4e613b32e9741c062bb9,"Untitled, (Blooming, A Scattering of Blossoms & Other Things)",Abstract Expressionism,flower painting,2007
8202,19024.jpg,bdb4e548508f23d25558604e7dd073c3,Trap,New Casualism,abstract,2006
8216,18666.jpg,80646b4fc4794d211d21ae99b8e1e44c,Flow,Tachisme,abstract,2010
8222,13898.jpg,24992a1ddca2a38675f62a88ff93f8a6,Girl with Pearl,Pop Art,figurative,2010
8174,19627.jpg,4a2c72301bd31803c9827b7baf86c706,Feathers and Shells,Naïve Art (Primitivism),still life,2001
8167,10608.jpg,5e560e9b2ae0c20cfc57b308742bc677,Small Portait,Expressionism,portrait,2001
8197,10678.jpg,bdb4e548508f23d25558604e7dd073c3,Untitled,New Casualism,abstract,2004
8191,10054.jpg,67b219f3763c04d3803b610993492fd1,Painting #03-06,Minimalism,abstract,2003
8158,102898.jpg,c3cf19679f72b9c335bb247c42bdbf4b,Traces,Minimalism,abstract,2000
8160,1207.jpg,61c824f7d11a59e4a5c3297c48c4715c,Joanna's Marsh,Contemporary Realism,landscape,2000
8159,10217.jpg,c79d591f5d9a2fcf8a1df2e2de4dc8e4,Crystals,Cubism,abstract,2000
8215,18488.jpg,80646b4fc4794d211d21ae99b8e1e44c,Dance of the Iele,Tachisme,abstract,2010
8156,12822.jpg,3007fcba96d9941a481321b6367721a1,American Horizon,,cloudscape,2000
8157,1613.jpg,c3cf19679f72b9c335bb247c42bdbf4b,Untitled,Minimalism,abstract,2000
8162,17101.jpg,5e560e9b2ae0c20cfc57b308742bc677,Julie and Martin,Expressionism,nude painting (nu),2001
8178,14171.jpg,458431fe04f1f956c7e4fba23563c694,Il ment jamais,Art Informel,abstract,2002
8189,18213.jpg,1cdfd8192834e61b3543e3ce839950eb,Kites Seen Again,Ink and wash painting,figurative,2003
8208,12211.jpg,4a2c72301bd31803c9827b7baf86c706,The Moon,Naïve Art (Primitivism),still life,2008
8186,19394.jpg,67e4b2878704dc7c6c571a495883092b,Untitled,Art Informel,abstract,2003
8200,11731.jpg,bdb4e548508f23d25558604e7dd073c3,Steek 1,New Casualism,abstract,2005
8165,16356.jpg,1cdfd8192834e61b3543e3ce839950eb,Attachment,Ink and wash painting,abstract,2001
8184,101085.jpg,72e4cf6742c06e89acfef9af033af54f,Tie Vermelho e Romã,Naïve Art (Primitivism),animal painting,2003
8187,14254.jpg,2e1c098c67bc11e0885c79ee8af0f61a,Untitled,Abstract Expressionism,abstract,2003
8152,12715.jpg,c31b03be3da5810b44ea4782d2f3b8a0,Sky Reach,Magic Realism,landscape,2000
8176,13698.jpg,61c824f7d11a59e4a5c3297c48c4715c,Trees Reflected on Ice,Contemporary Realism,landscape,2002
8185,15060.jpg,6a35f566597c2b9d9bc1d27b90471a1f,A Love in Casablanca,Nouveau Réalisme,figurative,2003
8225,19840.jpg,5887d1eab497e32e03c67b4d2f0f8e8b,Before Time (Mysteries 12) 05-01-11,Abstract Expressionism,abstract,2011
8196,16050.jpg,54949603ae17ee857a72e644002d0bf2,Balloons,Naïve Art (Primitivism),landscape,2004
8194,19683.jpg,5ae394770a82dac7cea5d95ef6482a11,The End,Fauvism,religious painting,2004
8170,11604.jpg,72e4cf6742c06e89acfef9af033af54f,Yellow Cat,Naïve Art (Primitivism),animal painting,2001
8181,15991.jpg,5aa46c4bd5cd785c39b45c221984838e,Oedipe explique l'énigme du sphinx,Op Art,figurative,2002
8163,13349.jpg,5ae394770a82dac7cea5d95ef6482a11,Coloured Vibrations,Cloisonnism,abstract,2001
8198,102219.jpg,f6c6a373599e3f2278c218d70a75168c,Rediscovering a known landscape,Art Informel,abstract,2004
8192,13571.jpg,6aa69777673a2102805a5a8619e1cc18,Union Libre (poem by André Breton embossed in Braille on a photograph),Conceptual Art,figurative,2004
8207,19619.jpg,dc1660b026c50e483aa01614aade646d,Couleur lumière,Op Art,abstract,2008
8153,13720.jpg,c31b03be3da5810b44ea4782d2f3b8a0,My Soul,Magic Realism,landscape,2000
